source,source_name,team_id,valid_from,valid_to,mapping_note
eloratings,Algeria,algeria,1962-01-01,,Current Elo display name
eloratings,Argentina,argentina,1901-01-01,,Current Elo display name
eloratings,Australia,australia,1922-01-01,,Current Elo display name
eloratings,Austria,austria,1904-01-01,,Current Elo display name
eloratings,Belgium,belgium,1904-01-01,,Current Elo display name
eloratings,Bosnia and Herzegovina,bosnia-and-herzegovina,1992-01-01,,Current Elo display name
eloratings,Brazil,brazil,1914-01-01,,Current Elo display name
eloratings,Canada,canada,1924-01-01,,Current Elo display name
eloratings,Cape Verde,cape-verde,1979-01-01,,Current Elo display name
eloratings,Colombia,colombia,1938-01-01,,Current Elo display name
eloratings,Croatia,croatia,1990-01-01,,Current Elo display name
eloratings,Curaçao,curacao,2011-01-01,,Current Elo display name
eloratings,Czechia,czechia,1994-01-01,,Current Elo display name
eloratings,DR Congo,dr-congo,1960-01-01,,Current Elo display name
eloratings,Ecuador,ecuador,1938-01-01,,Current Elo display name
eloratings,Egypt,egypt,1920-01-01,,Current Elo display name
eloratings,England,england,1872-01-01,,Current Elo display name
eloratings,France,france,1904-01-01,,Current Elo display name
eloratings,Germany,germany,1908-01-01,,Current Elo display name
eloratings,Ghana,ghana,1957-01-01,,Current Elo display name
eloratings,Haiti,haiti,1934-01-01,,Current Elo display name
eloratings,Iran,iran,1941-01-01,,Current Elo display name
eloratings,Iraq,iraq,1957-01-01,,Current Elo display name
eloratings,Ivory Coast,ivory-coast,1960-01-01,,Current Elo display name
eloratings,Japan,japan,1923-01-01,,Current Elo display name
eloratings,Jordan,jordan,1953-01-01,,Current Elo display name
eloratings,Mexico,mexico,1923-01-01,,Current Elo display name
eloratings,Morocco,morocco,1957-01-01,,Current Elo display name
eloratings,Netherlands,netherlands,1905-01-01,,Current Elo display name
eloratings,New Zealand,new-zealand,1922-01-01,,Current Elo display name
eloratings,Norway,norway,1908-01-01,,Current Elo display name
eloratings,Panama,panama,1938-01-01,,Current Elo display name
eloratings,Paraguay,paraguay,1919-01-01,,Current Elo display name
eloratings,Portugal,portugal,1921-01-01,,Current Elo display name
eloratings,Qatar,qatar,1970-01-01,,Current Elo display name
eloratings,Saudi Arabia,saudi-arabia,1957-01-01,,Current Elo display name
eloratings,Scotland,scotland,1872-01-01,,Current Elo display name
eloratings,Senegal,senegal,1961-01-01,,Current Elo display name
eloratings,South Africa,south-africa,1906-01-01,,Current Elo display name
eloratings,South Korea,south-korea,1948-01-01,,Current Elo display name
eloratings,Spain,spain,1920-01-01,,Current Elo display name
eloratings,Sweden,sweden,1908-01-01,,Current Elo display name
eloratings,Switzerland,switzerland,1905-01-01,,Current Elo display name
eloratings,Tunisia,tunisia,1957-01-01,,Current Elo display name
eloratings,Turkey,turkiye,1923-01-01,,Current Elo display name
eloratings,United States,united-states,1885-01-01,,Current Elo display name
eloratings,Uruguay,uruguay,1901-01-01,,Current Elo display name
eloratings,Uzbekistan,uzbekistan,1992-01-01,,Current Elo display name
fifa,Algeria,algeria,1962-01-01,,FIFA display name
fifa,Argentina,argentina,1901-01-01,,FIFA display name
fifa,Australia,australia,1922-01-01,,FIFA display name
fifa,Austria,austria,1904-01-01,,FIFA display name
fifa,Belgium,belgium,1904-01-01,,FIFA display name
fifa,Bosnia and Herzegovina,bosnia-and-herzegovina,1992-01-01,,FIFA display name
fifa,Brazil,brazil,1914-01-01,,FIFA display name
fifa,Cabo Verde,cape-verde,1979-01-01,,FIFA display name
fifa,Canada,canada,1924-01-01,,FIFA display name
fifa,Colombia,colombia,1938-01-01,,FIFA display name
fifa,Cote d'Ivoire,ivory-coast,1960-01-01,,ASCII transcription of FIFA display
fifa,Croatia,croatia,1990-01-01,,FIFA display name
fifa,Curacao,curacao,2011-01-01,,ASCII transcription of FIFA display
fifa,Czechia,czechia,1994-01-01,,FIFA display name
fifa,DR Congo,dr-congo,1960-01-01,,FIFA display name
fifa,Ecuador,ecuador,1938-01-01,,FIFA display name
fifa,Egypt,egypt,1920-01-01,,FIFA display name
fifa,England,england,1872-01-01,,FIFA display name
fifa,France,france,1904-01-01,,FIFA display name
fifa,Germany,germany,1908-01-01,,FIFA display name
fifa,Ghana,ghana,1957-01-01,,FIFA display name
fifa,Haiti,haiti,1934-01-01,,ASCII transcription of FIFA display
fifa,IR Iran,iran,1941-01-01,,FIFA ranking display name
fifa,Iraq,iraq,1957-01-01,,FIFA display name
fifa,Japan,japan,1923-01-01,,FIFA display name
fifa,Jordan,jordan,1953-01-01,,FIFA display name
fifa,Korea Republic,south-korea,1948-01-01,,FIFA display name
fifa,Mexico,mexico,1923-01-01,,FIFA display name
fifa,Morocco,morocco,1957-01-01,,FIFA display name
fifa,Netherlands,netherlands,1905-01-01,,FIFA display name
fifa,New Zealand,new-zealand,1922-01-01,,FIFA display name
fifa,Norway,norway,1908-01-01,,FIFA display name
fifa,Panama,panama,1938-01-01,,FIFA display name
fifa,Paraguay,paraguay,1919-01-01,,FIFA display name
fifa,Portugal,portugal,1921-01-01,,FIFA display name
fifa,Qatar,qatar,1970-01-01,,FIFA display name
fifa,Saudi Arabia,saudi-arabia,1957-01-01,,FIFA display name
fifa,Scotland,scotland,1872-01-01,,FIFA display name
fifa,Senegal,senegal,1961-01-01,,FIFA display name
fifa,South Africa,south-africa,1906-01-01,,FIFA display name
fifa,Spain,spain,1920-01-01,,FIFA display name
fifa,Sweden,sweden,1908-01-01,,FIFA display name
fifa,Switzerland,switzerland,1905-01-01,,FIFA display name
fifa,Tunisia,tunisia,1957-01-01,,FIFA display name
fifa,Turkiye,turkiye,1923-01-01,,ASCII transcription of FIFA display
fifa,USA,united-states,1885-01-01,,FIFA display abbreviation
fifa,Uruguay,uruguay,1901-01-01,,FIFA display name
fifa,Uzbekistan,uzbekistan,1992-01-01,,FIFA display name
fixture,Algeria,algeria,1962-01-01,,Reviewed 2026 fixture display
fixture,Argentina,argentina,1901-01-01,,Reviewed 2026 fixture display
fixture,Australia,australia,1922-01-01,,Reviewed 2026 fixture display
fixture,Austria,austria,1904-01-01,,Reviewed 2026 fixture display
fixture,Belgium,belgium,1904-01-01,,Reviewed 2026 fixture display
fixture,Bosnia and Herzegovina,bosnia-and-herzegovina,1992-01-01,,Reviewed 2026 fixture display
fixture,Brazil,brazil,1914-01-01,,Reviewed 2026 fixture display
fixture,Canada,canada,1924-01-01,,Reviewed 2026 fixture display
fixture,Cape Verde,cape-verde,1979-01-01,,Reviewed 2026 fixture display
fixture,Colombia,colombia,1938-01-01,,Reviewed 2026 fixture display
fixture,Croatia,croatia,1990-01-01,,Reviewed 2026 fixture display
fixture,Curacao,curacao,2011-01-01,,ASCII fixture display
fixture,Czechia,czechia,1994-01-01,,Reviewed 2026 fixture display
fixture,DR Congo,dr-congo,1960-01-01,,Reviewed 2026 fixture display
fixture,Ecuador,ecuador,1938-01-01,,Reviewed 2026 fixture display
fixture,Egypt,egypt,1920-01-01,,Reviewed 2026 fixture display
fixture,England,england,1872-01-01,,Reviewed 2026 fixture display
fixture,France,france,1904-01-01,,Reviewed 2026 fixture display
fixture,Germany,germany,1908-01-01,,Reviewed 2026 fixture display
fixture,Ghana,ghana,1957-01-01,,Reviewed 2026 fixture display
fixture,Haiti,haiti,1934-01-01,,Reviewed 2026 fixture display
fixture,Iran,iran,1941-01-01,,Reviewed 2026 fixture display
fixture,Iraq,iraq,1957-01-01,,Reviewed 2026 fixture display
fixture,Ivory Coast,ivory-coast,1960-01-01,,Reviewed 2026 fixture display
fixture,Japan,japan,1923-01-01,,Reviewed 2026 fixture display
fixture,Jordan,jordan,1953-01-01,,Reviewed 2026 fixture display
fixture,Mexico,mexico,1923-01-01,,Reviewed 2026 fixture display
fixture,Morocco,morocco,1957-01-01,,Reviewed 2026 fixture display
fixture,Netherlands,netherlands,1905-01-01,,Reviewed 2026 fixture display
fixture,New Zealand,new-zealand,1922-01-01,,Reviewed 2026 fixture display
fixture,Norway,norway,1908-01-01,,Reviewed 2026 fixture display
fixture,Panama,panama,1938-01-01,,Reviewed 2026 fixture display
fixture,Paraguay,paraguay,1919-01-01,,Reviewed 2026 fixture display
fixture,Portugal,portugal,1921-01-01,,Reviewed 2026 fixture display
fixture,Qatar,qatar,1970-01-01,,Reviewed 2026 fixture display
fixture,Saudi Arabia,saudi-arabia,1957-01-01,,Reviewed 2026 fixture display
fixture,Scotland,scotland,1872-01-01,,Reviewed 2026 fixture display
fixture,Senegal,senegal,1961-01-01,,Reviewed 2026 fixture display
fixture,South Africa,south-africa,1906-01-01,,Reviewed 2026 fixture display
fixture,South Korea,south-korea,1948-01-01,,Reviewed 2026 fixture display
fixture,Spain,spain,1920-01-01,,Reviewed 2026 fixture display
fixture,Sweden,sweden,1908-01-01,,Reviewed 2026 fixture display
fixture,Switzerland,switzerland,1905-01-01,,Reviewed 2026 fixture display
fixture,Tunisia,tunisia,1957-01-01,,Reviewed 2026 fixture display
fixture,Turkiye,turkiye,1923-01-01,,ASCII fixture display
fixture,United States,united-states,1885-01-01,,Reviewed 2026 fixture display
fixture,Uruguay,uruguay,1901-01-01,,Reviewed 2026 fixture display
fixture,Uzbekistan,uzbekistan,1992-01-01,,Reviewed 2026 fixture display
martj42,Abkhazia,abkhazia,2012-09-25,,Exact name in martj42 snapshot acquired 2026-06-11
martj42,Afghanistan,afghanistan,1941-08-10,,Exact name in martj42 snapshot acquired 2026-06-11
martj42,Albania,albania,1946-08-22,,Exact name in martj42 snapshot acquired 2026-06-11
martj42,Alderney,alderney,1905-04-17,,Exact name in martj42 snapshot acquired 2026-06-11
martj42,Algeria,algeria,1963-01-06,,Exact name in martj42 snapshot acquired 2026-06-11
martj42,Ambazonia,ambazonia,2005-06-23,,Exact name in martj42 snapshot acquired 2026-06-11
martj42,American Samoa,american-samoa,1983-08-20,,Exact name in martj42 snapshot acquired 2026-06-11
martj42,Andalusia,andalusia,1923-01-14,,Exact name in martj42 snapshot acquired 2026-06-11
martj42,Andorra,andorra,1996-11-13,,Exact name in martj42 snapshot acquired 2026-06-11
martj42,Angola,angola,1976-02-08,,Exact name in martj42 snapshot acquired 2026-06-11
martj42,Anguilla,anguilla,1985-11-05,,Exact name in martj42 snapshot acquired 2026-06-11
martj42,Antigua and Barbuda,antigua-and-barbuda,1972-11-10,,Exact name in martj42 snapshot acquired 2026-06-11
martj42,Arameans Suryoye,arameans-suryoye,2008-07-09,,Exact name in martj42 snapshot acquired 2026-06-11
martj42,Argentina,argentina,1902-07-20,,Exact name in martj42 snapshot acquired 2026-06-11
martj42,Armenia,armenia,1979-07-21,,Exact name in martj42 snapshot acquired 2026-06-11
martj42,Artsakh,artsakh,2012-09-25,,Exact name in martj42 snapshot acquired 2026-06-11
martj42,Aruba,aruba,1924-04-06,,Exact name in martj42 snapshot acquired 2026-06-11
martj42,Asturias,asturias,1923-02-25,,Exact name in martj42 snapshot acquired 2026-06-11
martj42,Australia,australia,1922-06-17,,Exact name in martj42 snapshot acquired 2026-06-11
martj42,Austria,austria,1902-10-12,,Exact name in martj42 snapshot acquired 2026-06-11
martj42,Aymara,aymara,2022-06-18,,Exact name in martj42 snapshot acquired 2026-06-11
martj42,Azerbaijan,azerbaijan,1979-07-24,,Exact name in martj42 snapshot acquired 2026-06-11
martj42,Bahamas,bahamas,1971-04-14,,Exact name in martj42 snapshot acquired 2026-06-11
martj42,Bahrain,bahrain,1966-04-02,,Exact name in martj42 snapshot acquired 2026-06-11
martj42,Bangladesh,bangladesh,1973-07-27,,Exact name in martj42 snapshot acquired 2026-06-11
martj42,Barawa,barawa,2016-08-25,,Exact name in martj42 snapshot acquired 2026-06-11
martj42,Barbados,barbados,1929-04-20,,Exact name in martj42 snapshot acquired 2026-06-11
martj42,Basque Country,basque-country,1915-01-03,,Exact name in martj42 snapshot acquired 2026-06-11
martj42,Belarus,belarus,1928-08-17,,Exact name in martj42 snapshot acquired 2026-06-11
martj42,Belgium,belgium,1904-05-01,,Exact name in martj42 snapshot acquired 2026-06-11
martj42,Belize,belize,1983-12-08,,Exact name in martj42 snapshot acquired 2026-06-11
martj42,Benin,benin,1959-11-08,,Exact name in martj42 snapshot acquired 2026-06-11
martj42,Bermuda,bermuda,1964-08-10,,Exact name in martj42 snapshot acquired 2026-06-11
martj42,Bhutan,bhutan,1982-04-01,,Exact name in martj42 snapshot acquired 2026-06-11
martj42,Biafra,biafra,2022-05-22,,Exact name in martj42 snapshot acquired 2026-06-11
martj42,Bolivia,bolivia,1926-10-12,,Exact name in martj42 snapshot acquired 2026-06-11
martj42,Bonaire,bonaire,2010-10-29,,Exact name in martj42 snapshot acquired 2026-06-11
martj42,Bosnia and Herzegovina,bosnia-and-herzegovina,1995-11-30,,Exact name in martj42 snapshot acquired 2026-06-11
martj42,Botswana,botswana,1968-07-13,,Exact name in martj42 snapshot acquired 2026-06-11
martj42,Brazil,brazil,1914-09-20,,Exact name in martj42 snapshot acquired 2026-06-11
martj42,British Virgin Islands,british-virgin-islands,1985-11-05,,Exact name in martj42 snapshot acquired 2026-06-11
martj42,Brittany,brittany,1922-03-12,,Exact name in martj42 snapshot acquired 2026-06-11
martj42,Brunei,brunei,1971-05-22,,Exact name in martj42 snapshot acquired 2026-06-11
martj42,Bulgaria,bulgaria,1924-05-21,,Exact name in martj42 snapshot acquired 2026-06-11
martj42,Burkina Faso,burkina-faso,1960-04-14,,Exact name in martj42 snapshot acquired 2026-06-11
martj42,Burundi,burundi,1953-09-19,,Exact name in martj42 snapshot acquired 2026-06-11
martj42,Cambodia,cambodia,1954-11-01,,Exact name in martj42 snapshot acquired 2026-06-11
martj42,Cameroon,cameroon,1953-09-24,,Exact name in martj42 snapshot acquired 2026-06-11
martj42,Canada,canada,1885-11-28,,Exact name in martj42 snapshot acquired 2026-06-11
martj42,Canary Islands,canary-islands,1996-02-06,,Exact name in martj42 snapshot acquired 2026-06-11
martj42,Cape Verde,cape-verde,1959-12-20,,Exact name in martj42 snapshot acquired 2026-06-11
martj42,Cascadia,cascadia,2018-05-31,,Exact name in martj42 snapshot acquired 2026-06-11
martj42,Catalonia,catalonia,1912-02-10,,Exact name in martj42 snapshot acquired 2026-06-11
martj42,Cayman Islands,cayman-islands,1985-03-03,,Exact name in martj42 snapshot acquired 2026-06-11
martj42,Central African Republic,central-african-republic,1960-04-14,,Exact name in martj42 snapshot acquired 2026-06-11
martj42,Central Spain,central-spain,1922-11-19,,Exact name in martj42 snapshot acquired 2026-06-11
martj42,Chad,chad,1961-12-25,,Exact name in martj42 snapshot acquired 2026-06-11
martj42,Chagos Islands,chagos-islands,2011-12-04,,Exact name in martj42 snapshot acquired 2026-06-11
martj42,Chameria,chameria,2019-06-02,,Exact name in martj42 snapshot acquired 2026-06-11
martj42,Chechnya,chechnya,2005-05-03,,Exact name in martj42 snapshot acquired 2026-06-11
martj42,Chile,chile,1910-05-27,,Exact name in martj42 snapshot acquired 2026-06-11
martj42,China,china,1913-02-04,,Exact name in martj42 snapshot acquired 2026-06-11
martj42,Cilento,cilento,2011-12-29,,Exact name in martj42 snapshot acquired 2026-06-11
martj42,Colombia,colombia,1938-02-10,,Exact name in martj42 snapshot acquired 2026-06-11
martj42,Comoros,comoros,1979-08-26,,Exact name in martj42 snapshot acquired 2026-06-11
martj42,Congo,congo,1960-04-14,,Exact name in martj42 snapshot acquired 2026-06-11
martj42,Cook Islands,cook-islands,1971-09-11,,Exact name in martj42 snapshot acquired 2026-06-11
martj42,Corsica,corsica,1967-02-28,,Exact name in martj42 snapshot acquired 2026-06-11
martj42,Costa Rica,costa-rica,1921-09-14,,Exact name in martj42 snapshot acquired 2026-06-11
martj42,County of Nice,county-of-nice,2014-06-02,,Exact name in martj42 snapshot acquired 2026-06-11
martj42,Crimea,crimea,2006-11-19,,Exact name in martj42 snapshot acquired 2026-06-11
martj42,Croatia,croatia,1940-04-02,,Exact name in martj42 snapshot acquired 2026-06-11
martj42,Cuba,cuba,1930-03-16,,Exact name in martj42 snapshot acquired 2026-06-11
martj42,Curaçao,curacao,1924-04-06,,Exact name in martj42 snapshot acquired 2026-06-11
martj42,Cyprus,cyprus,1949-07-30,,Exact name in martj42 snapshot acquired 2026-06-11
martj42,Czech Republic,czechia,1994-02-23,,Exact name in martj42 snapshot acquired 2026-06-11
martj42,Czechoslovakia,czechoslovakia,1903-04-05,,Exact name in martj42 snapshot acquired 2026-06-11
martj42,DR Congo,dr-congo,1948-05-25,,Exact name in martj42 snapshot acquired 2026-06-11
martj42,Darfur,darfur,2012-06-04,,Exact name in martj42 snapshot acquired 2026-06-11
martj42,Denmark,denmark,1908-10-22,,Exact name in martj42 snapshot acquired 2026-06-11
martj42,Djibouti,djibouti,1947-12-05,,Exact name in martj42 snapshot acquired 2026-06-11
martj42,Dominica,dominica,1932-03-23,,Exact name in martj42 snapshot acquired 2026-06-11
martj42,Dominican Republic,dominican-republic,1949-05-14,,Exact name in martj42 snapshot acquired 2026-06-11
martj42,Donetsk PR,donetsk-pr,2015-05-14,,Exact name in martj42 snapshot acquired 2026-06-11
martj42,Délvidék,delvidek,2016-08-01,,Exact name in martj42 snapshot acquired 2026-06-11
martj42,East Turkestan,east-turkestan,2019-10-19,,Exact name in martj42 snapshot acquired 2026-06-11
martj42,Ecuador,ecuador,1938-08-08,,Exact name in martj42 snapshot acquired 2026-06-11
martj42,Egypt,egypt,1920-08-28,,Exact name in martj42 snapshot acquired 2026-06-11
martj42,El Salvador,el-salvador,1921-09-14,,Exact name in martj42 snapshot acquired 2026-06-11
martj42,Elba Island,elba-island,2022-04-22,,Exact name in martj42 snapshot acquired 2026-06-11
martj42,Ellan Vannin,ellan-vannin,2014-04-06,,Exact name in martj42 snapshot acquired 2026-06-11
martj42,England,england,1872-11-30,,Exact name in martj42 snapshot acquired 2026-06-11
martj42,Equatorial Guinea,equatorial-guinea,1975-05-23,,Exact name in martj42 snapshot acquired 2026-06-11
martj42,Eritrea,eritrea,1992-06-26,,Exact name in martj42 snapshot acquired 2026-06-11
martj42,Estonia,estonia,1920-10-17,,Exact name in martj42 snapshot acquired 2026-06-11
martj42,Eswatini,eswatini,1968-05-01,,Exact name in martj42 snapshot acquired 2026-06-11
martj42,Ethiopia,ethiopia,1947-12-05,,Exact name in martj42 snapshot acquired 2026-06-11
martj42,Falkland Islands,falkland-islands,2001-07-08,,Exact name in martj42 snapshot acquired 2026-06-11
martj42,Faroe Islands,faroe-islands,1972-07-12,,Exact name in martj42 snapshot acquired 2026-06-11
martj42,Felvidék,felvidek,2015-05-30,,Exact name in martj42 snapshot acquired 2026-06-11
martj42,Fiji,fiji,1951-10-07,,Exact name in martj42 snapshot acquired 2026-06-11
martj42,Finland,finland,1911-10-22,,Exact name in martj42 snapshot acquired 2026-06-11
martj42,France,france,1904-05-01,,Exact name in martj42 snapshot acquired 2026-06-11
martj42,Franconia,franconia,2014-05-29,,Exact name in martj42 snapshot acquired 2026-06-11
martj42,French Guiana,french-guiana,1936-01-01,,Exact name in martj42 snapshot acquired 2026-06-11
martj42,Frøya,frya,1997-06-29,,Exact name in martj42 snapshot acquired 2026-06-11
martj42,Gabon,gabon,1960-04-14,,Exact name in martj42 snapshot acquired 2026-06-11
martj42,Galicia,galicia,1922-11-19,,Exact name in martj42 snapshot acquired 2026-06-11
martj42,Gambia,gambia,1953-02-09,,Exact name in martj42 snapshot acquired 2026-06-11
martj42,Georgia,georgia,1979-07-22,,Exact name in martj42 snapshot acquired 2026-06-11
martj42,German DR,german-dr,1952-05-18,,Exact name in martj42 snapshot acquired 2026-06-11
martj42,Germany,germany,1908-04-05,,Exact name in martj42 snapshot acquired 2026-06-11
martj42,Ghana,ghana,1950-05-28,,Exact name in martj42 snapshot acquired 2026-06-11
martj42,Gibraltar,gibraltar,1993-07-04,,Exact name in martj42 snapshot acquired 2026-06-11
martj42,Gotland,gotland,1999-06-27,,Exact name in martj42 snapshot acquired 2026-06-11
martj42,Gozo,gozo,2009-06-22,,Exact name in martj42 snapshot acquired 2026-06-11
martj42,Greece,greece,1919-06-25,,Exact name in martj42 snapshot acquired 2026-06-11
martj42,Greenland,greenland,1980-07-02,,Exact name in martj42 snapshot acquired 2026-06-11
martj42,Grenada,grenada,1938-08-17,,Exact name in martj42 snapshot acquired 2026-06-11
martj42,Guadeloupe,guadeloupe,1934-03-13,,Exact name in martj42 snapshot acquired 2026-06-11
martj42,Guam,guam,1975-08-02,,Exact name in martj42 snapshot acquired 2026-06-11
martj42,Guatemala,guatemala,1921-09-18,,Exact name in martj42 snapshot acquired 2026-06-11
martj42,Guernsey,guernsey,1905-04-17,,Exact name in martj42 snapshot acquired 2026-06-11
martj42,Guinea,guinea,1962-05-09,,Exact name in martj42 snapshot acquired 2026-06-11
martj42,Guinea-Bissau,guinea-bissau,1953-06-02,,Exact name in martj42 snapshot acquired 2026-06-11
martj42,Guyana,guyana,1905-07-21,,Exact name in martj42 snapshot acquired 2026-06-11
martj42,Găgăuzia,gagauzia,2006-11-19,,Exact name in martj42 snapshot acquired 2026-06-11
martj42,Haiti,haiti,1925-03-22,,Exact name in martj42 snapshot acquired 2026-06-11
martj42,Hitra,hitra,1997-06-29,,Exact name in martj42 snapshot acquired 2026-06-11
martj42,Hmong,hmong,2023-08-04,,Exact name in martj42 snapshot acquired 2026-06-11
martj42,Honduras,honduras,1927-11-07,,Exact name in martj42 snapshot acquired 2026-06-11
martj42,Hong Kong,hong-kong,1953-04-05,,Exact name in martj42 snapshot acquired 2026-06-11
martj42,Hungary,hungary,1902-10-12,,Exact name in martj42 snapshot acquired 2026-06-11
martj42,Iceland,iceland,1946-07-17,,Exact name in martj42 snapshot acquired 2026-06-11
martj42,India,india,1938-09-03,,Exact name in martj42 snapshot acquired 2026-06-11
martj42,Indonesia,indonesia,1934-05-13,,Exact name in martj42 snapshot acquired 2026-06-11
martj42,Iran,iran,1941-08-23,,Exact name in martj42 snapshot acquired 2026-06-11
martj42,Iraq,iraq,1960-06-05,,Exact name in martj42 snapshot acquired 2026-06-11
martj42,Iraqi Kurdistan,iraqi-kurdistan,2008-07-07,,Exact name in martj42 snapshot acquired 2026-06-11
martj42,Isle of Man,isle-of-man,1993-07-04,,Exact name in martj42 snapshot acquired 2026-06-11
martj42,Isle of Wight,isle-of-wight,1991-06-24,,Exact name in martj42 snapshot acquired 2026-06-11
martj42,Israel,israel,1934-03-16,,Exact name in martj42 snapshot acquired 2026-06-11
martj42,Italy,italy,1910-05-15,,Exact name in martj42 snapshot acquired 2026-06-11
martj42,Ivory Coast,ivory-coast,1960-04-14,,Exact name in martj42 snapshot acquired 2026-06-11
martj42,Jamaica,jamaica,1925-03-22,,Exact name in martj42 snapshot acquired 2026-06-11
martj42,Japan,japan,1917-05-07,,Exact name in martj42 snapshot acquired 2026-06-11
martj42,Jersey,jersey,1905-04-27,,Exact name in martj42 snapshot acquired 2026-06-11
martj42,Jordan,jordan,1963-01-06,,Exact name in martj42 snapshot acquired 2026-06-11
martj42,Kabylia,kabylia,2018-05-31,,Exact name in martj42 snapshot acquired 2026-06-11
martj42,Kazakhstan,kazakhstan,1979-08-04,,Exact name in martj42 snapshot acquired 2026-06-11
martj42,Kenya,kenya,1926-05-01,,Exact name in martj42 snapshot acquired 2026-06-11
martj42,Kernow,kernow,1953-09-26,,Exact name in martj42 snapshot acquired 2026-06-11
martj42,Kiribati,kiribati,1979-08-30,,Exact name in martj42 snapshot acquired 2026-06-11
martj42,Kosovo,kosovo,2006-04-22,,Exact name in martj42 snapshot acquired 2026-06-11
martj42,Kurdistan,kurdistan,2012-05-15,,Exact name in martj42 snapshot acquired 2026-06-11
martj42,Kuwait,kuwait,1963-01-06,,Exact name in martj42 snapshot acquired 2026-06-11
martj42,Kyrgyzstan,kyrgyzstan,1956-08-03,,Exact name in martj42 snapshot acquired 2026-06-11
martj42,Kárpátalja,karpatalja,2016-08-01,,Exact name in martj42 snapshot acquired 2026-06-11
martj42,Laos,laos,1961-12-12,,Exact name in martj42 snapshot acquired 2026-06-11
martj42,Latvia,latvia,1922-09-24,,Exact name in martj42 snapshot acquired 2026-06-11
martj42,Lebanon,lebanon,1940-04-27,,Exact name in martj42 snapshot acquired 2026-06-11
martj42,Lesotho,lesotho,1970-08-08,,Exact name in martj42 snapshot acquired 2026-06-11
martj42,Liberia,liberia,1961-12-25,,Exact name in martj42 snapshot acquired 2026-06-11
martj42,Libya,libya,1957-06-02,,Exact name in martj42 snapshot acquired 2026-06-11
martj42,Liechtenstein,liechtenstein,1981-06-14,,Exact name in martj42 snapshot acquired 2026-06-11
martj42,Lithuania,lithuania,1923-06-24,,Exact name in martj42 snapshot acquired 2026-06-11
martj42,Luhansk PR,luhansk-pr,2015-05-05,,Exact name in martj42 snapshot acquired 2026-06-11
martj42,Luxembourg,luxembourg,1911-10-29,,Exact name in martj42 snapshot acquired 2026-06-11
martj42,Macau,macau,1949-01-25,,Exact name in martj42 snapshot acquired 2026-06-11
martj42,Madagascar,madagascar,1947-02-15,,Exact name in martj42 snapshot acquired 2026-06-11
martj42,Madrid,madrid,2013-06-07,,Exact name in martj42 snapshot acquired 2026-06-11
martj42,Malawi,malawi,1957-08-28,,Exact name in martj42 snapshot acquired 2026-06-11
martj42,Malaysia,malaysia,1953-04-16,,Exact name in martj42 snapshot acquired 2026-06-11
martj42,Maldives,maldives,1979-08-27,,Exact name in martj42 snapshot acquired 2026-06-11
martj42,Mali,mali,1960-04-14,,Exact name in martj42 snapshot acquired 2026-06-11
martj42,Malta,malta,1957-02-24,,Exact name in martj42 snapshot acquired 2026-06-11
martj42,Manchukuo,manchukuo,1939-09-03,,Exact name in martj42 snapshot acquired 2026-06-11
martj42,Mapuche,mapuche,2022-06-17,,Exact name in martj42 snapshot acquired 2026-06-11
martj42,Marshall Islands,marshall-islands,2025-08-14,,Exact name in martj42 snapshot acquired 2026-06-11
martj42,Martinique,martinique,1931-02-11,,Exact name in martj42 snapshot acquired 2026-06-11
martj42,Matabeleland,matabeleland,2018-05-31,,Exact name in martj42 snapshot acquired 2026-06-11
martj42,Maule Sur,maule-sur,2022-06-17,,Exact name in martj42 snapshot acquired 2026-06-11
martj42,Mauritania,mauritania,1961-12-25,,Exact name in martj42 snapshot acquired 2026-06-11
martj42,Mauritius,mauritius,1947-02-15,,Exact name in martj42 snapshot acquired 2026-06-11
martj42,Mayotte,mayotte,2001-11-20,,Exact name in martj42 snapshot acquired 2026-06-11
martj42,Menorca,menorca,2007-06-30,,Exact name in martj42 snapshot acquired 2026-06-11
martj42,Mexico,mexico,1923-01-01,,Exact name in martj42 snapshot acquired 2026-06-11
martj42,Micronesia,micronesia,1999-06-05,,Exact name in martj42 snapshot acquired 2026-06-11
martj42,Moldova,moldova,1956-08-12,,Exact name in martj42 snapshot acquired 2026-06-11
martj42,Monaco,monaco,2000-06-11,,Exact name in martj42 snapshot acquired 2026-06-11
martj42,Mongolia,mongolia,1942-08-10,,Exact name in martj42 snapshot acquired 2026-06-11
martj42,Montenegro,montenegro,1946-08-22,,Exact name in martj42 snapshot acquired 2026-06-11
martj42,Montserrat,montserrat,1991-05-10,,Exact name in martj42 snapshot acquired 2026-06-11
martj42,Morocco,morocco,1958-04-03,,Exact name in martj42 snapshot acquired 2026-06-11
martj42,Mozambique,mozambique,1975-06-25,,Exact name in martj42 snapshot acquired 2026-06-11
martj42,Myanmar,myanmar,1951-03-05,,Exact name in martj42 snapshot acquired 2026-06-11
martj42,Namibia,namibia,1989-05-16,,Exact name in martj42 snapshot acquired 2026-06-11
martj42,Nepal,nepal,1972-10-13,,Exact name in martj42 snapshot acquired 2026-06-11
martj42,Netherlands,netherlands,1905-04-30,,Exact name in martj42 snapshot acquired 2026-06-11
martj42,New Caledonia,new-caledonia,1951-09-19,,Exact name in martj42 snapshot acquired 2026-06-11
martj42,New Zealand,new-zealand,1922-06-17,,Exact name in martj42 snapshot acquired 2026-06-11
martj42,Nicaragua,nicaragua,1929-05-01,,Exact name in martj42 snapshot acquired 2026-06-11
martj42,Niger,niger,1961-12-25,,Exact name in martj42 snapshot acquired 2026-06-11
martj42,Nigeria,nigeria,1949-10-08,,Exact name in martj42 snapshot acquired 2026-06-11
martj42,Niue,niue,1983-08-20,,Exact name in martj42 snapshot acquired 2026-06-11
martj42,North Korea,north-korea,1956-10-07,,Exact name in martj42 snapshot acquired 2026-06-11
martj42,North Macedonia,north-macedonia,1993-10-13,,Exact name in martj42 snapshot acquired 2026-06-11
martj42,North Vietnam,north-vietnam,1956-10-04,,Exact name in martj42 snapshot acquired 2026-06-11
martj42,Northern Cyprus,northern-cyprus,1977-01-05,,Exact name in martj42 snapshot acquired 2026-06-11
martj42,Northern Ireland,northern-ireland,1882-02-18,,Exact name in martj42 snapshot acquired 2026-06-11
martj42,Northern Mariana Islands,northern-mariana-islands,1998-07-30,,Exact name in martj42 snapshot acquired 2026-06-11
martj42,Norway,norway,1908-07-12,,Exact name in martj42 snapshot acquired 2026-06-11
martj42,Occitania,occitania,2005-02-12,,Exact name in martj42 snapshot acquired 2026-06-11
martj42,Oman,oman,1966-04-03,,Exact name in martj42 snapshot acquired 2026-06-11
martj42,Orkney,orkney,2001-07-08,,Exact name in martj42 snapshot acquired 2026-06-11
martj42,Padania,padania,2008-07-08,,Exact name in martj42 snapshot acquired 2026-06-11
martj42,Pakistan,pakistan,1952-03-18,,Exact name in martj42 snapshot acquired 2026-06-11
martj42,Palau,palau,1987-03-06,,Exact name in martj42 snapshot acquired 2026-06-11
martj42,Palestine,palestine,1966-04-01,,Exact name in martj42 snapshot acquired 2026-06-11
martj42,Panama,panama,1938-02-12,,Exact name in martj42 snapshot acquired 2026-06-11
martj42,Panjab,panjab,2015-05-30,,Exact name in martj42 snapshot acquired 2026-06-11
martj42,Papua New Guinea,papua-new-guinea,1963-08-29,,Exact name in martj42 snapshot acquired 2026-06-11
martj42,Paraguay,paraguay,1919-05-11,,Exact name in martj42 snapshot acquired 2026-06-11
martj42,Parishes of Jersey,parishes-of-jersey,2018-10-21,,Exact name in martj42 snapshot acquired 2026-06-11
martj42,Peru,peru,1927-11-01,,Exact name in martj42 snapshot acquired 2026-06-11
martj42,Philippines,philippines,1913-02-04,,Exact name in martj42 snapshot acquired 2026-06-11
martj42,Poland,poland,1921-12-18,,Exact name in martj42 snapshot acquired 2026-06-11
martj42,Portugal,portugal,1921-12-18,,Exact name in martj42 snapshot acquired 2026-06-11
martj42,Provence,provence,1921-04-03,,Exact name in martj42 snapshot acquired 2026-06-11
martj42,Puerto Rico,puerto-rico,1940-11-12,,Exact name in martj42 snapshot acquired 2026-06-11
martj42,Qatar,qatar,1970-03-27,,Exact name in martj42 snapshot acquired 2026-06-11
martj42,Quebec,quebec,2013-06-23,,Exact name in martj42 snapshot acquired 2026-06-11
martj42,Raetia,raetia,2011-12-04,,Exact name in martj42 snapshot acquired 2026-06-11
martj42,Republic of Ireland,republic-of-ireland,1924-05-28,,Exact name in martj42 snapshot acquired 2026-06-11
martj42,Republic of St. Pauli,republic-of-st-pauli,2006-05-29,,Exact name in martj42 snapshot acquired 2026-06-11
martj42,Rhodes,rhodes,1999-06-27,,Exact name in martj42 snapshot acquired 2026-06-11
martj42,Romani people,romani-people,2007-06-07,,Exact name in martj42 snapshot acquired 2026-06-11
martj42,Romania,romania,1919-06-24,,Exact name in martj42 snapshot acquired 2026-06-11
martj42,Russia,russia,1910-10-16,,Exact name in martj42 snapshot acquired 2026-06-11
martj42,Rwanda,rwanda,1976-07-03,,Exact name in martj42 snapshot acquired 2026-06-11
martj42,Ryūkyū,ryukyu,2016-11-26,,Exact name in martj42 snapshot acquired 2026-06-11
martj42,Réunion,reunion,1947-05-15,,Exact name in martj42 snapshot acquired 2026-06-11
martj42,Saare County,saare-county,1999-06-27,,Exact name in martj42 snapshot acquired 2026-06-11
martj42,Saarland,saarland,1953-06-24,,Exact name in martj42 snapshot acquired 2026-06-11
martj42,Saint Barthélemy,saint-barthelemy,2010-07-03,,Exact name in martj42 snapshot acquired 2026-06-11
martj42,Saint Helena,saint-helena,2019-06-12,,Exact name in martj42 snapshot acquired 2026-06-11
martj42,Saint Kitts and Nevis,saint-kitts-and-nevis,1938-08-17,,Exact name in martj42 snapshot acquired 2026-06-11
martj42,Saint Lucia,saint-lucia,1938-01-09,,Exact name in martj42 snapshot acquired 2026-06-11
martj42,Saint Martin,saint-martin,1990-03-24,,Exact name in martj42 snapshot acquired 2026-06-11
martj42,Saint Pierre and Miquelon,saint-pierre-and-miquelon,2010-09-22,,Exact name in martj42 snapshot acquired 2026-06-11
martj42,Saint Vincent and the Grenadines,saint-vincent-and-the-grenadines,1961-01-16,,Exact name in martj42 snapshot acquired 2026-06-11
martj42,Samoa,samoa,1979-08-31,,Exact name in martj42 snapshot acquired 2026-06-11
martj42,San Marino,san-marino,1990-11-14,,Exact name in martj42 snapshot acquired 2026-06-11
martj42,Sark,sark,2003-06-29,,Exact name in martj42 snapshot acquired 2026-06-11
martj42,Saudi Arabia,saudi-arabia,1963-11-18,,Exact name in martj42 snapshot acquired 2026-06-11
martj42,Saugeais,saugeais,2013-06-29,,Exact name in martj42 snapshot acquired 2026-06-11
martj42,Scotland,scotland,1872-11-30,,Exact name in martj42 snapshot acquired 2026-06-11
martj42,Sealand,sealand,2004-05-15,,Exact name in martj42 snapshot acquired 2026-06-11
martj42,Seborga,seborga,2014-08-10,,Exact name in martj42 snapshot acquired 2026-06-11
martj42,Senegal,senegal,1961-12-05,,Exact name in martj42 snapshot acquired 2026-06-11
martj42,Serbia,serbia,1950-02-26,,Exact name in martj42 snapshot acquired 2026-06-11
martj42,Seychelles,seychelles,1974-03-13,,Exact name in martj42 snapshot acquired 2026-06-11
martj42,Shetland,shetland,1989-07-06,,Exact name in martj42 snapshot acquired 2026-06-11
martj42,Sierra Leone,sierra-leone,1949-10-08,,Exact name in martj42 snapshot acquired 2026-06-11
martj42,Silesia,silesia,1933-10-04,,Exact name in martj42 snapshot acquired 2026-06-11
martj42,Singapore,singapore,1953-04-11,,Exact name in martj42 snapshot acquired 2026-06-11
martj42,Sint Maarten,sint-maarten,1989-05-07,,Exact name in martj42 snapshot acquired 2026-06-11
martj42,Slovakia,slovakia,1939-08-27,,Exact name in martj42 snapshot acquired 2026-06-11
martj42,Slovenia,slovenia,1991-06-19,,Exact name in martj42 snapshot acquired 2026-06-11
martj42,Solomon Islands,solomon-islands,1963-08-30,,Exact name in martj42 snapshot acquired 2026-06-11
martj42,Somalia,somalia,1963-11-11,,Exact name in martj42 snapshot acquired 2026-06-11
martj42,Somaliland,somaliland,2014-05-17,,Exact name in martj42 snapshot acquired 2026-06-11
martj42,South Africa,south-africa,1906-07-09,,Exact name in martj42 snapshot acquired 2026-06-11
martj42,South Korea,south-korea,1949-01-02,,Exact name in martj42 snapshot acquired 2026-06-11
martj42,South Ossetia,south-ossetia,2013-09-23,,Exact name in martj42 snapshot acquired 2026-06-11
martj42,South Sudan,south-sudan,2012-07-10,,Exact name in martj42 snapshot acquired 2026-06-11
martj42,South Yemen,south-yemen,1982-11-21,,Exact name in martj42 snapshot acquired 2026-06-11
martj42,Spain,spain,1920-08-28,,Exact name in martj42 snapshot acquired 2026-06-11
martj42,Sri Lanka,sri-lanka,1952-03-24,,Exact name in martj42 snapshot acquired 2026-06-11
martj42,Sudan,sudan,1956-11-16,,Exact name in martj42 snapshot acquired 2026-06-11
martj42,Suriname,suriname,1921-01-28,,Exact name in martj42 snapshot acquired 2026-06-11
martj42,Surrey,surrey,2018-05-06,,Exact name in martj42 snapshot acquired 2026-06-11
martj42,Sweden,sweden,1908-07-12,,Exact name in martj42 snapshot acquired 2026-06-11
martj42,Switzerland,switzerland,1905-02-12,,Exact name in martj42 snapshot acquired 2026-06-11
martj42,Syria,syria,1949-11-20,,Exact name in martj42 snapshot acquired 2026-06-11
martj42,Székely Land,szekely-land,2014-11-08,,Exact name in martj42 snapshot acquired 2026-06-11
martj42,Sápmi,sapmi,2006-11-20,,Exact name in martj42 snapshot acquired 2026-06-11
martj42,São Tomé and Príncipe,sao-tome-and-principe,1976-05-02,,Exact name in martj42 snapshot acquired 2026-06-11
martj42,Tahiti,tahiti,1952-09-21,,Exact name in martj42 snapshot acquired 2026-06-11
martj42,Taiwan,taiwan,1950-04-16,,Exact name in martj42 snapshot acquired 2026-06-11
martj42,Tajikistan,tajikistan,1992-06-17,,Exact name in martj42 snapshot acquired 2026-06-11
martj42,Tamil Eelam,tamil-eelam,2012-06-05,,Exact name in martj42 snapshot acquired 2026-06-11
martj42,Tanzania,tanzania,1945-03-28,,Exact name in martj42 snapshot acquired 2026-06-11
martj42,Thailand,thailand,1954-11-01,,Exact name in martj42 snapshot acquired 2026-06-11
martj42,Tibet,tibet,2001-06-30,,Exact name in martj42 snapshot acquired 2026-06-11
martj42,Ticino,ticino,2023-06-17,,Exact name in martj42 snapshot acquired 2026-06-11
martj42,Timor-Leste,timor-leste,2003-03-21,,Exact name in martj42 snapshot acquired 2026-06-11
martj42,Togo,togo,1956-10-06,,Exact name in martj42 snapshot acquired 2026-06-11
martj42,Tonga,tonga,1979-08-29,,Exact name in martj42 snapshot acquired 2026-06-11
martj42,Trinidad and Tobago,trinidad-and-tobago,1905-07-21,,Exact name in martj42 snapshot acquired 2026-06-11
martj42,Tunisia,tunisia,1957-06-02,,Exact name in martj42 snapshot acquired 2026-06-11
martj42,Turkey,turkiye,1923-10-26,,Exact name in martj42 snapshot acquired 2026-06-11
martj42,Turkmenistan,turkmenistan,1992-06-01,,Exact name in martj42 snapshot acquired 2026-06-11
martj42,Turks and Caicos Islands,turks-and-caicos-islands,1999-02-24,,Exact name in martj42 snapshot acquired 2026-06-11
martj42,Tuvalu,tuvalu,1979-08-30,,Exact name in martj42 snapshot acquired 2026-06-11
martj42,Two Sicilies,two-sicilies,2010-05-31,,Exact name in martj42 snapshot acquired 2026-06-11
martj42,Uganda,uganda,1926-05-01,,Exact name in martj42 snapshot acquired 2026-06-11
martj42,Ukraine,ukraine,1928-08-19,,Exact name in martj42 snapshot acquired 2026-06-11
martj42,United Arab Emirates,united-arab-emirates,1972-03-17,,Exact name in martj42 snapshot acquired 2026-06-11
martj42,United Koreans in Japan,united-koreans-in-japan,2016-05-30,,Exact name in martj42 snapshot acquired 2026-06-11
martj42,United States,united-states,1885-11-28,,Exact name in martj42 snapshot acquired 2026-06-11
martj42,United States Virgin Islands,united-states-virgin-islands,1998-03-22,,Exact name in martj42 snapshot acquired 2026-06-11
martj42,Uruguay,uruguay,1902-07-20,,Exact name in martj42 snapshot acquired 2026-06-11
martj42,Uzbekistan,uzbekistan,1992-06-17,,Exact name in martj42 snapshot acquired 2026-06-11
martj42,Vanuatu,vanuatu,1951-10-04,,Exact name in martj42 snapshot acquired 2026-06-11
martj42,Vatican City,vatican-city,2002-11-23,,Exact name in martj42 snapshot acquired 2026-06-11
martj42,Venezuela,venezuela,1938-02-12,,Exact name in martj42 snapshot acquired 2026-06-11
martj42,Vietnam,vietnam,1949-01-16,,Exact name in martj42 snapshot acquired 2026-06-11
martj42,Vietnam Republic,vietnam-republic,1956-05-03,,Exact name in martj42 snapshot acquired 2026-06-11
martj42,Wales,wales,1876-03-25,,Exact name in martj42 snapshot acquired 2026-06-11
martj42,Wallis Islands and Futuna,wallis-islands-and-futuna,1966-12-11,,Exact name in martj42 snapshot acquired 2026-06-11
martj42,West Papua,west-papua,2019-10-19,,Exact name in martj42 snapshot acquired 2026-06-11
martj42,Western Armenia,western-armenia,2016-05-30,,Exact name in martj42 snapshot acquired 2026-06-11
martj42,Western Australia,western-australia,1967-08-10,,Exact name in martj42 snapshot acquired 2026-06-11
martj42,Western Isles,western-isles,2005-07-11,,Exact name in martj42 snapshot acquired 2026-06-11
martj42,Western Sahara,western-sahara,2001-02-27,,Exact name in martj42 snapshot acquired 2026-06-11
martj42,Yemen,yemen,1966-04-02,,Exact name in martj42 snapshot acquired 2026-06-11
martj42,Yemen DPR,yemen-dpr,1972-01-01,,Exact name in martj42 snapshot acquired 2026-06-11
martj42,Ynys Môn,ynys-mon,1989-07-06,,Exact name in martj42 snapshot acquired 2026-06-11
martj42,Yorkshire,yorkshire,2018-01-28,,Exact name in martj42 snapshot acquired 2026-06-11
martj42,Yoruba Nation,yoruba-nation,2022-05-21,,Exact name in martj42 snapshot acquired 2026-06-11
martj42,Yugoslavia,yugoslavia,1920-08-28,,Exact name in martj42 snapshot acquired 2026-06-11
martj42,Zambia,zambia,1946-06-16,,Exact name in martj42 snapshot acquired 2026-06-11
martj42,Zanzibar,zanzibar,1947-09-18,,Exact name in martj42 snapshot acquired 2026-06-11
martj42,Zimbabwe,zimbabwe,1946-06-16,,Exact name in martj42 snapshot acquired 2026-06-11
martj42,Åland Islands,aland-islands,1989-07-08,,Exact name in martj42 snapshot acquired 2026-06-11
odds,Algeria,algeria,1962-01-01,,Expected market display name
odds,Argentina,argentina,1901-01-01,,Expected market display name
odds,Australia,australia,1922-01-01,,Expected market display name
odds,Austria,austria,1904-01-01,,Expected market display name
odds,Belgium,belgium,1904-01-01,,Expected market display name
odds,Bosnia & Herzegovina,bosnia-and-herzegovina,1992-01-01,,Live provider display name (ampersand variant)
odds,Bosnia and Herzegovina,bosnia-and-herzegovina,1992-01-01,,Expected market display name
odds,Brazil,brazil,1914-01-01,,Expected market display name
odds,Canada,canada,1924-01-01,,Expected market display name
odds,Cape Verde,cape-verde,1979-01-01,,Expected market display name
odds,Colombia,colombia,1938-01-01,,Expected market display name
odds,Croatia,croatia,1990-01-01,,Expected market display name
odds,Curacao,curacao,2011-01-01,,Expected ASCII market display
odds,Curaçao,curacao,2011-01-01,,Live provider display name (with cedilla)
odds,Czech Republic,czechia,1994-01-01,,Expected market display name
odds,DR Congo,dr-congo,1960-01-01,,Expected market display name
odds,Ecuador,ecuador,1938-01-01,,Expected market display name
odds,Egypt,egypt,1920-01-01,,Expected market display name
odds,England,england,1872-01-01,,Expected market display name
odds,France,france,1904-01-01,,Expected market display name
odds,Germany,germany,1908-01-01,,Expected market display name
odds,Ghana,ghana,1957-01-01,,Expected market display name
odds,Haiti,haiti,1934-01-01,,Expected market display name
odds,Iran,iran,1941-01-01,,Expected market display name
odds,Iraq,iraq,1957-01-01,,Expected market display name
odds,Ivory Coast,ivory-coast,1960-01-01,,Expected market display name
odds,Japan,japan,1923-01-01,,Expected market display name
odds,Jordan,jordan,1953-01-01,,Expected market display name
odds,Mexico,mexico,1923-01-01,,Expected market display name
odds,Morocco,morocco,1957-01-01,,Expected market display name
odds,Netherlands,netherlands,1905-01-01,,Expected market display name
odds,New Zealand,new-zealand,1922-01-01,,Expected market display name
odds,Norway,norway,1908-01-01,,Expected market display name
odds,Panama,panama,1938-01-01,,Expected market display name
odds,Paraguay,paraguay,1919-01-01,,Expected market display name
odds,Portugal,portugal,1921-01-01,,Expected market display name
odds,Qatar,qatar,1970-01-01,,Expected market display name
odds,Saudi Arabia,saudi-arabia,1957-01-01,,Expected market display name
odds,Scotland,scotland,1872-01-01,,Expected market display name
odds,Senegal,senegal,1961-01-01,,Expected market display name
odds,South Africa,south-africa,1906-01-01,,Expected market display name
odds,South Korea,south-korea,1948-01-01,,Expected market display name
odds,Spain,spain,1920-01-01,,Expected market display name
odds,Sweden,sweden,1908-01-01,,Expected market display name
odds,Switzerland,switzerland,1905-01-01,,Expected market display name
odds,Tunisia,tunisia,1957-01-01,,Expected market display name
odds,Turkey,turkiye,1923-01-01,,Expected market display name
odds,USA,united-states,1885-01-01,,Expected market abbreviation
odds,Uruguay,uruguay,1901-01-01,,Expected market display name
odds,Uzbekistan,uzbekistan,1992-01-01,,Expected market display name
